question,answer
how to prepare for placements,"Start early with DSA practice, aptitude preparation, core CS subjects revision, build 2-3 strong projects, improve communication skills, attend mock interviews and maintain good CGPA."
how to crack placements,"Focus on DSA problem solving, practice aptitude daily, revise DBMS, OS, CN and OOPS, prepare your projects well, attend mock interviews and work on communication skills."
placement preparation roadmap,"Start with DSA basics (arrays, strings), then move to intermediate topics (trees, graphs), learn advanced concepts (DP, greedy), practice 200-300 problems, attend mock interviews and prepare resume."
how many months required for placement preparation,"At least 4 to 6 months of consistent preparation is recommended for good results."
how to start placement preparation in second year,"Start learning DSA fundamentals, build small projects, practice coding regularly and apply for internships to gain experience."
how to prepare in third year for placements,"Focus on core CS subjects, start serious DSA practice, build 2-3 projects, apply for internships and attend coding competitions."
how to prepare for final year placements,"Start early in final year, practice DSA intensively, improve aptitude skills, polish your resume, attend mock interviews and prepare your projects well."
minimum cgpa required for placements,"Most companies require above 8 CGPA as minimum eligibility. Top product companies may require 8.5 to 8.0+ CGPA."
cgpa requirement for placements,"Most companies require above 8 CGPA as minimum eligibility. Top product companies may require 8.5 to 8.0+ CGPA."
is cgpa important for placements,"Yes, CGPA is important for initial eligibility criteria. However, once you clear eligibility, your skills, problem-solving and projects matter more in interviews."
can i get placement with low cgpa,"Yes, if your CGPA meets minimum eligibility (usually 7.5-8.0) and you have strong coding skills, good projects and excellent communication, you can get placed."
does backlog affect placements,"Some companies allow limited backlogs (1-2), but many top companies prefer candidates with no active backlogs. Clear backlogs before placement season."
what companies visit campus,"Both service-based companies (TCS, Infosys, Wipro) and product-based companies (Microsoft, Amazon, Adobe) visit campuses."
which companies come to campus,"Both service-based companies (TCS, Infosys, Wipro) and product-based companies (Microsoft, Amazon, Adobe) visit campuses."
top product companies,"Top product companies include Google, Microsoft, Amazon, Adobe, Flipkart, Oracle, Samsung, Atlassian and Goldman Sachs."
what are top product companies,"Top product companies include Google, Microsoft, Amazon, Adobe, Flipkart, Oracle, Samsung, Atlassian and Goldman Sachs."
top service companies,"Top service companies include TCS, Infosys, Wipro, Cognizant, HCL, Accenture, Capgemini and Tech Mahindra."
what are top service companies,"Top service companies include TCS, Infosys, Wipro, Cognizant, HCL, Accenture, Capgemini and Tech Mahindra."
difference between service and product companies,"Service companies work on client projects and provide IT services. Product companies develop and sell their own software products. Product companies usually offer better salary and learning opportunities."
difference between service and product company,"Service companies work on client projects and provide IT services. Product companies develop and sell their own software products. Product companies usually offer better salary and learning opportunities."
highest paying companies in placements,"Top product companies and startups generally offer highest packages. Google, Microsoft, Amazon, Adobe, Flipkart and Goldman Sachs are among highest paying companies."
important dsa topics for placements,"Arrays, Strings, Linked Lists, Stacks, Queues, Trees, Binary Search Trees, Graphs, Recursion, Backtracking, Dynamic Programming, Greedy Algorithms and Sorting."
dsa topics for placement,"Arrays, Strings, Linked Lists, Stacks, Queues, Trees, Binary Search Trees, Graphs, Recursion, Backtracking, Dynamic Programming, Greedy Algorithms and Sorting."
how to prepare for coding interview,"Practice DSA topics systematically - start with arrays and strings, move to linked lists, trees, graphs, then dynamic programming. Solve 200-300 problems and practice explaining your approach."
best coding platforms for placement,"LeetCode, CodeStudio (Coding Ninjas), HackerRank, GeeksforGeeks, CodeChef and Codeforces are excellent platforms for placement preparation."
best platform for dsa practice,"LeetCode is best for interview preparation. CodeStudio, HackerRank and GeeksforGeeks are also very useful for practice."
how many coding questions should i practice,"Practicing 200 to 300 quality problems covering all important topics can significantly improve your coding skills and interview performance."
is dynamic programming important for placements,"Yes, dynamic programming is very important especially for product companies. Master standard DP problems like LIS, LCS, Knapsack and Matrix Chain Multiplication."
how to build resume,"Keep resume one page, use clean format, include technical skills, 2-3 strong projects with tech stack, internships, certifications, achievements and contact details. Avoid spelling errors."
what to include in resume,"Include education details, technical skills, 2-3 projects with clear description, internships, certifications, achievements, competitive programming ratings and contact information."
common resume mistakes,"Spelling and grammar errors, lengthy resume (more than 1 page), fake information, poor formatting, too many irrelevant projects and missing contact details."
how many projects should i include in resume,"Include 2 to 3 strong projects with clear problem statement, technologies used and your specific contribution. Quality matters more than quantity."
what is resume objective,"Resume objective is a brief 2-3 line statement at the top describing your career goals and what you aim to achieve. Keep it relevant to the job role."
resume tips,"Use one page format, highlight technical skills, add 2-3 strong projects, include internships and certifications, quantify achievements and keep it error-free."
what is internship,"An internship is a temporary job opportunity (usually 2-6 months) that allows students to gain practical industry experience, learn real-world technologies and build professional networks."
details about internship,"Internships are short-term industry training programs (2-6 months) that help students gain real-world experience, industry exposure, practical skills and improve placement chances."
importance of internship,"Internships provide real-world industry experience, help you understand workplace culture, improve technical and soft skills, build professional network and significantly increase your placement chances."
benefits of internship,"Internships improve practical skills, provide industry exposure, help build professional network, increase job opportunities, add value to resume and give clarity about career path."
how to get internship,"Apply through LinkedIn, Internshala, company career pages, attend college internship drives, leverage alumni network and apply directly to startups and companies."
is internship mandatory for placements,"It is not mandatory but highly recommended. Internship experience gives you an edge in interviews and significantly improves placement chances, especially in product companies."
paid vs unpaid internship difference,"Paid internships offer salary or stipend for your work, while unpaid internships focus primarily on learning experience. Paid internships are better for recognition and financial support."
when to apply for internships,"Start applying in your second year (summer break) or third year. Apply 2-3 months before summer vacation. Most companies recruit interns in January-March for summer internships."
best time for internship,"Summer break after second or third year is ideal. Winter internships (Dec-Jan) are also good. Some companies offer semester-long internships during academic year."
internship duration,"Most internships last 2-3 months (8-12 weeks). Some companies offer 6-month internships. Short-term internships are 4-6 weeks while long-term can be 3-6 months."
how to find internship opportunities,"Check LinkedIn daily, follow companies on social media, use Internshala and Indeed, attend virtual career fairs, join college placement cells and leverage alumni connections."
top companies for internships,"Google, Microsoft, Amazon, Adobe, Flipkart, Goldman Sachs offer great internships. Startups like Zomato, Swiggy, PhonePe also provide good learning opportunities."
remote internship vs office internship,"Remote internships offer flexibility and save commute time but may lack hands-on mentorship. Office internships provide better networking, direct mentorship and structured learning environment."
how to prepare for internship interview,"Research the company, practice DSA problems, prepare projects explanation, review core CS subjects, practice behavioral questions and dress professionally for video interviews."
what to do during internship,"Work on assigned tasks diligently, ask questions when stuck, take initiative on new projects, network with team members, document your work, seek feedback regularly and learn new technologies."
how to convert internship to full time,"Perform excellently on assigned work, show initiative and ownership, build good relationships with team, be punctual and professional, ask for feedback and express interest in full-time role."
internship stipend expectations,"Startups offer 5k-20k per month. Service companies offer 10k-25k. Product companies like Google and Microsoft offer 50k-100k per month. Unpaid internships are common in NGOs and small startups."
virtual internship tips,"Maintain regular communication with mentor, attend all meetings on time, create dedicated workspace at home, set daily goals, overcommunicate your progress and be proactive in asking questions."
internship certificate importance,"Internship certificates validate your experience on resume. They help in background verification during placements. Always request certificate and recommendation letter before internship ends."
what if i dont get internship,"Focus on building strong personal projects, contribute to open source, do freelancing work, take online certifications, participate in hackathons and improve coding skills for placements."
how to make most of internship,"Set learning goals, document your daily work, network with colleagues, attend team meetings, ask for challenging tasks, maintain work journal, collect recommendation letters and update LinkedIn."
important projects for placements,"Full-stack web applications, AI/ML projects like recommendation systems or chatbots, mobile apps, real-world problem solving projects and API development projects are valuable."
how many projects needed for placements,"2 to 3 strong, well-explained projects are sufficient. Focus on quality, tech stack diversity and real-world applications rather than quantity."
project ideas for cse students,"AI chatbot, placement management system, e-commerce website, social media app, attendance system, food delivery app, expense tracker and online learning platform."
how to explain project in interview,"Start with problem statement, explain technologies and frameworks used, describe your specific role and contribution, mention challenges faced and how you solved them. Be ready for technical questions."
how to choose project topic,"Pick a problem you're genuinely interested in, ensure it demonstrates multiple skills, choose trending technologies, solve real-world problems and make sure you can complete it in available time."
full stack project ideas,"Restaurant management system, online banking portal, learning management system, job portal, social networking site, video streaming platform, healthcare appointment system."
machine learning project ideas,"Movie recommendation system, spam email classifier, house price predictor, sentiment analysis tool, face recognition system, chatbot using NLP, stock price predictor, crop disease detection."
web development project ideas,"Portfolio website, blog platform, task manager, weather app, recipe finder, music player, quiz application, URL shortener, expense tracker, notes app with authentication."
mobile app project ideas,"Fitness tracker, recipe app, language learning app, expense manager, meditation app, news aggregator, habit tracker, local service finder, event booking app."
how to document project,"Create detailed README file, include problem statement and solution approach, list technologies used, add screenshots or demo video, explain setup instructions, mention future improvements and share GitHub link."
best tech stack for projects,"For web: React/Angular frontend with Node.js/Django backend and MongoDB/PostgreSQL database. For ML: Python with TensorFlow/PyTorch. For mobile: React Native or Flutter for cross-platform."
how to make project stand out,"Solve unique problems, use modern tech stack, deploy it online with live demo link, write clean well-commented code, add proper documentation, include test cases and use version control."
where to host projects,"Deploy websites on Vercel, Netlify or Heroku. Use GitHub Pages for static sites. Host ML models on Streamlit or Flask apps on PythonAnywhere. Use Firebase for mobile app backend."
github best practices for projects,"Write descriptive README, use meaningful commit messages, maintain proper folder structure, include .gitignore file, add license, create branches for features, use issues and pull requests."
what if my project is incomplete,"Be honest in interview, explain what you completed and learned, discuss challenges faced, mention what you would do differently, show enthusiasm to complete it and present working demo of completed features."
how to add project to resume,"Write concise one-liner description, mention key technologies used, highlight your specific contribution, quantify impact if possible, add GitHub link and live demo URL if deployed."
college project vs personal project,"College projects follow prescribed syllabus and may be team-based. Personal projects show initiative, passion and self-learning. Interviewers prefer personal projects as they demonstrate genuine interest."
should i do team projects,"Yes, team projects show collaboration skills. Clearly mention your individual contribution. Be prepared to explain entire project but emphasize your specific modules and responsibilities."
project complexity for resume,"Match project complexity to target company. Startups value creative simple projects. Product companies expect scalable solutions. Include at least one complex project with multiple technologies integrated."
common project interview questions,"What problem does it solve? Which technologies did you use and why? What challenges did you face? How did you overcome them? What would you improve? Can you explain the code? How did you test it?"
how to present project demo,"Start with problem statement, show working demo, explain key features, discuss technical architecture, mention challenges and solutions, show code snippets for interesting parts, end with future scope."
learning from projects,"Projects teach practical implementation of concepts, expose you to real development workflows, help understand software architecture, improve debugging skills, build portfolio and boost confidence."
common hr interview questions,"Tell me about yourself, your strengths and weaknesses, why should we hire you, where do you see yourself in 5 years, why this company, describe a challenge you faced."
how to answer tell me about yourself,"Start with your education and branch, mention your key technical skills, highlight 1-2 important projects, mention internships if any, and conclude with your career goals aligned with the role."
how to introduce myself in interview,"Give a brief introduction covering your name, college and branch, mention your technical skills and key projects, highlight any internships and end with your career aspirations."
how to answer why should we hire you,"Highlight your relevant technical skills, problem-solving abilities, strong projects, quick learning ability and how you can contribute value to the company and team."
how to answer weakness question,"Mention a genuine weakness that is not critical for the role, but immediately follow up with concrete steps you are taking to improve it. Show self-awareness and growth mindset."
how to prepare for hr round,"Research the company thoroughly, prepare answers for common HR questions, practice mock interviews, be honest and confident, prepare questions to ask interviewer and dress professionally."
what is aptitude test,"Aptitude test evaluates your logical reasoning, quantitative ability, verbal skills and problem-solving speed. It is usually the first elimination round in placements."
how to prepare for aptitude,"Practice quantitative aptitude (time-speed, profit-loss, percentages), logical reasoning and verbal ability daily. Take online mock tests and work on speed and accuracy."
how to prepare for aptitude test,"Practice quantitative aptitude, logical reasoning and verbal ability daily using books like R.S. Aggarwal. Take regular mock tests and analyze mistakes to improve speed and accuracy."
important aptitude topics,"Time and work, time-speed-distance, profit and loss, percentages, ratios and proportions, averages, logical reasoning, data interpretation and verbal ability."
what is group discussion,"Group discussion is a communication round where 6-10 candidates discuss a given topic. It evaluates your communication skills, leadership, teamwork and ability to express ideas."
tips for group discussion,"Be confident but not aggressive, speak clearly with good points, listen to others actively, support your arguments with examples, maintain eye contact and be respectful of other opinions."
how many rounds in placement,"Usually there are 3-4 rounds: Online aptitude test, technical interview rounds (1-2), and HR interview. Some companies also have group discussion or coding rounds."
how to clear technical interview,"Be strong in DSA fundamentals, core CS subjects (DBMS, OS, CN, OOPS), explain your projects clearly with confidence, practice coding on paper/whiteboard and be honest if you don't know something."
important subjects for cse placements,"Data Structures and Algorithms, Database Management Systems (DBMS), Operating Systems (OS), Object Oriented Programming (OOPS), Computer Networks (CN) and System Design basics."
difference between process and thread,"A process is an independent program in execution with its own memory space. A thread is a lightweight unit within a process that shares memory but has its own execution path."
what is normalization in dbms,"Normalization is organizing database tables to reduce data redundancy and improve data integrity by dividing large tables into smaller ones and defining relationships between them."
how to improve communication skills,"Practice speaking English daily, read newspapers and articles, participate in group discussions, watch English videos, record and analyze your speech, and practice mock interviews."
how to improve problem solving skills,"Solve coding problems daily on platforms like LeetCode, analyze different approaches and solutions, understand time-space complexity, participate in contests and learn from editorial solutions."
what is mock interview,"Mock interview is a practice interview conducted to simulate real interview conditions. It helps improve confidence, identify weak areas and get comfortable with interview format."
how to manage time during placements,"Create a daily study schedule, allocate time for DSA practice, aptitude, core subjects and mock interviews. Focus on weak areas and maintain consistency without burnout."
how to stay motivated during placements,"Set realistic daily goals, track your progress, take regular breaks, avoid unhealthy comparisons with peers, celebrate small wins and remember your end goal."
how to manage stress during placement season,"Take proper breaks, maintain 7-8 hours sleep, exercise regularly, eat healthy, practice meditation or deep breathing, and focus on consistent preparation rather than results."
how to get job in it company,"Improve coding and problem-solving skills, build 2-3 strong projects, maintain good CGPA, prepare well for aptitude and interviews, apply through job portals, LinkedIn and attend campus drives."
how to prepare for off campus placements,"Practice DSA rigorously, build a strong LinkedIn profile with projects and skills, apply directly through company career pages, get employee referrals and prepare well for online assessments."
best way to apply off campus,"Apply directly through company career portals, leverage LinkedIn for networking and referrals, apply through Naukri, Internshala and AngelList for startups, and attend virtual hiring events."
how to increase placement chances,"Maintain good CGPA (above 7.0), improve DSA and coding skills, complete internships, build strong projects, participate in coding competitions and work on communication skills."
what is campus placement,"Campus placement is a recruitment process where companies visit colleges to hire students directly from campus through aptitude tests, technical and HR interviews."
what skills required for software developer,"Programming languages (Java, Python, C++), data structures and algorithms, problem-solving, debugging skills, DBMS, version control (Git), teamwork and communication skills."
what is product based company,"A product-based company is one that builds, develops and sells its own software products or services. Examples include Google, Microsoft, Amazon and Adobe."
what is service based company,"A service-based company provides IT services and solutions to clients. They work on client projects rather than their own products. Examples include TCS, Infosys and Wipro."
hi,"Hello! 👋 I'm PlaceBot, your placement preparation assistant. I can help you with DSA preparation, resume building, interview tips, CGPA queries and more. How can I assist you today?"
hello,"Hello! 👋 I'm PlaceBot. How can I help you with your placement preparation today?"
hey,"Hey there! 👋 I'm PlaceBot. Ask me anything about placements, coding interviews, resume building or career guidance."
thanks,"You're welcome! 😊 Best of luck for your placements! Feel free to ask if you need any more help."
thank you,"You're welcome! 😊 All the best for your placement journey!"
bye,"Goodbye! 👋 Wishing you great success in your placements and career. Keep practicing!"
good morning,"Good morning! 🌅 Ready to ace your placement preparation today? Ask me anything!"
good evening,"Good evening! 🌆 How can I help you with your placement preparation?"
